-3.0369183624914853,-4.986444089961438,-0.13144179961683466,0.0
-2.6579815401105322,-4.0072248872188965,3.7652179518137707,0.0
-2.918995119639515,-0.8343504798112997,-3.4827094997906527,0.0
-1.8577480404275661,-2.235237261609613,0.779067582339116,0.0
0.1298648642702913,-3.2875416827259762,-3.3591897295026616,1.0
1.4476040550578428,4.9372732444977245,2.6973039312514944,1.0
2.4174141370233375,-2.3564276965819575,-1.3242395215326486,1.0
-3.287221140880411,-3.3973251166770435,3.395627673275877,0.0
-4.916172490453288,1.0448650352292894,4.196522293810316,0.0
-3.969230897949342,3.391468835708075,4.678836782693015,1.0
1.8321920628597663,-3.083255531121355,-0.6747824624307537,1.0
3.971173264828355,-0.8159998313177041,-2.4108492553735807,1.0
-3.6506361336477964,-4.559094182055469,1.9077891678844017,0.0
2.5327533615012054,-0.793821845714425,-2.3877055100831077,1.0
1.7963762989145007,3.6020870533478337,-0.8100508780741791,0.0
0.855503200150376,1.1040065477526202,-1.7045554801050122,0.0
0.605812579994315,-0.7000898122883417,2.7017059308178677,0.0
-3.97740974721005,-4.082246240057458,4.462003178896017,0.0
3.6777199235202325,1.1848321180865016,-2.550358658480701,1.0
0.35416378508381285,-2.8689247452252786,3.4774827706581526,0.0
0.01530946379545739,0.910699187713405,-4.493894626504772,0.0
-0.8608118936663818,4.122977990815832,1.7654408217682178,1.0
1.383843900679774,-3.5319179938014686,0.6863558089582007,0.0
-1.1825889351488659,-4.590491951162353,-3.1268554080857336,1.0
3.3349288169348767,-3.3586670673446184,-4.666045053977851,1.0
-3.411112650083432,-0.4634425909896738,2.002883903101445,0.0
4.95340105693851,-3.248128786822324,-2.900526226783875,1.0
1.3802388342451177,4.998892540071854,0.4083073692795267,1.0
2.8027694896533273,2.270989555970103,-0.24485530635252672,1.0
-4.997692580441253,-0.7667246539656958,4.986892965396883,0.0
-3.7185134539095444,0.3646643544129766,0.36223027874960856,0.0
0.032311247690004485,-1.1787678276465607,-3.9104155024869227,1.0
1.3518547632846367,-4.246348685781961,-0.18633792082173883,1.0
-2.551352920525647,-3.694846393234914,-2.9853127109131474,1.0
-0.2167283147724488,2.0853396221592053,3.6581866290657885,1.0
1.8002725117651615,0.13017839471378778,-2.667291948012438,1.0
-1.200920412489813,-3.571507712293741,-4.219093847999506,1.0
3.733066082220347,2.653237029435709,3.166687612335604,1.0
-1.941613881420119,-3.0717840628934825,-0.48323423835312695,0.0
4.847501666937232,3.3449023759884575,-0.5082710226610478,1.0
-2.541793854924056,3.47790959292211,3.3781614816025805,1.0
-2.685313088072637,4.438572396034537,2.8253612420285847,1.0
-3.52051782296631,-3.3581379165413896,1.3530700293736873,0.0
1.6843176589821525,2.4728340752904687,-2.752633617331417,0.0
-4.532062477891978,3.9650411568041957,4.691751393274275,1.0
3.534287858663564,-2.6134985198157112,-3.788670040543426,1.0
3.2313307692459734,-4.533387358851661,1.0971097027960663,0.0
-3.2370553495318335,-4.366070564763493,-3.5461315930372317,1.0
4.826914988685857,0.8276833983633196,3.7199407355896827,1.0
2.3191474687971736,0.31939848229780043,4.8983140828322504,1.0
-4.034851786109071,-1.299386050385749,-3.176354320797751,1.0
-3.509618724776419,0.23000142604018858,0.026683028327453506,0.0
1.3077887009555322,-1.366856400568576,-2.111418343071083,1.0
-1.1182604303452504,-0.7908344774589615,1.421895344832648,0.0
4.40268101195549,0.7796079103651321,0.3661634335847106,1.0
-2.9540280918604624,0.030008043801577955,-1.2334353432470424,0.0
3.434018317266238,3.939287961797941,4.328043368184041,1.0
1.0301971310757638,-1.4579006714340101,0.4341125181135421,1.0
1.9737696935120033,-3.370581344423723,1.1229914892429225,0.0
-1.149461455868006,-1.0910386391046178,-3.9722424621580132,1.0
1.410935138768048,-3.7710793431386938,3.444959137439623,0.0
-0.11121033498533084,-3.161282596537233,-2.026426900522642,1.0
-2.2605753396709796,3.717611144221717,-2.5556434081357216,0.0
0.2626871430907105,-1.6653777516489643,-4.458004914498128,1.0
1.1585697651580862,-4.217102203064105,-3.9466210296121917,1.0
-2.8662405974457092,1.0015117191729184,0.9965816447566525,0.0
-4.3437278429392645,-0.9693702181015347,2.7050643769708804,0.0
3.916929741474352,0.8370907408672537,0.02651265801479319,1.0
1.7401707158166735,4.628639410183343,1.4990532080084567,1.0
-0.2477874034495411,-2.2634690359263843,4.6562390603752775,0.0
3.0853069217288436,-3.2650864915813473,4.286034301911021,0.0
-4.454800402885269,0.8911013418945304,-2.193801733159609,0.0
3.349976516533502,2.275061381246683,-3.882700320412271,0.0
3.719328807407736,-1.5559316221122788,-3.1997579584142533,1.0
-4.513897219301479,-2.690211533928595,-0.7500242633416043,0.0
-1.1545560349786088,0.8875568203868589,3.1602025680953947,1.0
-2.2461853769909714,0.3280916041504698,2.249241166012398,0.0
1.5672133340023713,-1.9563483487654865,4.185051862750926,0.0
-2.438358645623395,-1.1815542047320449,-0.6450810534070595,0.0
-3.479640339529153,-4.795179965222558,-0.9459684257781404,1.0
-3.7746587828765623,3.8525083248194143,0.8773266745000265,0.0
2.959351076204464,-0.15497895985297294,-0.6420393529988591,1.0
3.747005943122266,3.549220443322838,-2.6483003030013483,0.0
-0.9049241911100836,-4.371342726677488,1.1583151865812935,0.0
-4.831563706842132,3.4376619970066873,-2.1805528517259356,0.0
-4.289135620655056,-1.4506316566425994,-2.7589837083451076,0.0
-0.7765380096626471,-1.2989520127968577,-3.5097968130354493,1.0
4.374895096480209,-0.6478869374375948,4.068392044633152,1.0
0.6995614543766706,-0.32606421548553843,-1.9498520453369506,1.0
2.5025564098377426,-3.756825748201158,4.559579472282616,0.0
1.1912798478025488,0.7732396878619161,-2.944104824439143,0.0
1.8591118325687015,-4.358899146500405,0.7410098678978452,0.0
-3.037909590779572,2.0311877112655274,-2.700055777958913,0.0
3.2128522652445852,-4.500209258338984,2.2808759077682854,0.0
1.4329827135818203,1.2981417595422258,2.1186341275334,1.0
2.8456684547299096,-3.4806113681089212,2.7008301820383913,0.0
-0.07829917017999577,0.6249950507231494,1.7913913402182384,1.0
-2.7195360842031615,-4.976936291445439,0.13958807666245043,0.0
3.918282966594134,0.6557871421110351,4.365729560818359,1.0
4.573197855148365,2.6203654787580932,2.949493300251179,1.0
1.1573618355102262,2.6054709445171493,-2.2473592702227574,0.0
-2.9414467893216134,1.0323473842332884,-2.3812821799069663,0.0
-0.44251634829094666,-4.996069667132094,-4.120878558702422,1.0
-1.3345324421186398,4.6431674607555635,3.4656775863505693,1.0
-1.0429727713222747,-2.4805973388713576,-3.054321621217899,1.0
-1.7445198263763793,0.5129298374096134,1.5824367050061596,0.0
1.9366142658485188,-1.789739529226594,3.2282683229178026,0.0
-0.9293543299287652,-2.4239196428260157,-2.6202484013395866,1.0
2.7553209522942215,-3.717948170978148,3.6075632902042916,0.0
4.959045432357456,4.208932611366102,3.2408591099597697,1.0
2.188032211139954,4.240396380337723,1.9650757738468352,1.0
0.6542502151233194,2.6823102831703407,3.4452076065694683,1.0
-3.072455305427532,0.6326819281869209,1.5016374861344701,0.0
-0.08982445084253587,-4.564177015792836,-3.631386194901194,1.0
-2.635813437340908,-0.7684640444243858,0.7245222471494097,0.0
-2.7343889954711,4.60487780216021,1.6273509462114806,1.0
-0.7145306441061443,2.668930300659177,-0.6988800404500584,0.0
-3.592605022065615,-4.982868022553818,2.0398417948678373,0.0
-2.036207062093575,0.9305040967987654,-2.59276988239985,0.0
0.5762752152690034,1.1132920645134972,-3.900609610455467,0.0
-4.644374044543232,4.37071388766088,-3.8450546080283288,0.0
2.399679534578727,-0.02796541162033961,0.3093915408136727,1.0
3.0842904011350942,4.395060525725134,0.48421981003499326,1.0
-4.5413524133632315,4.982395564339969,-0.44757065406833885,0.0
3.7808106363304255,3.5106890220193794,3.4542713807412184,1.0
3.1238423982399137,-3.1442537766560354,3.42072072845815,0.0
3.40906620365541,1.0796256370984718,0.9214858593896018,1.0
-2.3654327881959416,-3.670885298674098,-3.8181453290708864,1.0
1.7016910251867028,1.52539827356604,-4.655040250675761,0.0
3.318326722456696,4.9891290788587455,2.706578060654138,1.0
1.122073197146845,3.2097379997310043,2.6965622563230696,1.0
3.259625380997507,4.796585642146457,0.8501085395642596,1.0
1.0440618865271354,-3.093029510511344,-4.346147942817708,1.0
1.0464057571020815,0.7945955241203819,3.610014238399568,1.0
4.511879690038915,-2.135896296416413,-0.41035711210519565,1.0
4.276100818783352,0.4805354574202916,-0.2600889505650281,1.0
2.3747385708650945,2.251066180131901,2.1704264877286388,1.0
-1.4079810381233226,-4.984644933540423,0.9297111841408903,0.0
2.354704875436906,1.6223183324890478,0.20714486017355682,1.0
-0.04314041295943838,2.669394626656395,-2.046106819606004,0.0
-0.5201351560485845,-2.790139867689004,-3.872123375837134,1.0
-3.0473221358882983,-4.0955829446770835,-2.767510637101489,1.0
-2.016529392024571,4.592793769676604,0.8723481813679896,1.0
-0.4222575930710466,-4.507839951477267,-3.615995320696086,1.0
-2.5928959911520866,-0.7567555099170242,-4.412364996203743,1.0
-4.430756698332096,-0.37834294419348247,-2.5273446776953055,0.0
-1.4305410781578343,0.04897239990004465,-4.196792457599096,0.0
-4.553849531536439,4.4018408318562745,3.7178744596785016,1.0
0.7854002298148899,-3.5777604593104195,-3.9969536014632956,1.0
-4.785433755133424,1.6347772885435061,-3.8938482052205705,0.0
-3.3397147430544027,3.461672032860303,4.34961522364501,1.0
-1.3462935272964605,-4.084977533003318,-1.4415406688706103,1.0
-4.063843271884434,2.27969379083702,1.3652454604398052,0.0
-0.24281417035426056,-0.8147074858998007,4.903912861673522,0.0
-4.874203574118665,-4.754262403450976,1.4600891992168075,0.0
0.9035981976960503,-4.361588308516916,2.413742985571438,0.0
-1.4723679576539785,3.7498979931776617,3.882815167456945,1.0
1.6650213110396557,-2.3887576222884457,2.04108925314038,0.0
-1.0635633500400998,2.6308879896869417,-1.4040846582398658,0.0
2.1370898997732546,-1.6637821629453278,-3.7577821584963536,1.0
0.5176649255799397,3.779969798869539,1.1388484123913685,1.0
4.525240808536978,2.3438011166054906,-0.6301288340104625,1.0
-0.9993385361484153,-4.344851140698276,3.791473447062913,0.0
-4.102627308389387,-4.817965128604396,-0.21884059727262617,0.0
-2.2472394067642742,2.56966871128283,4.812030047501333,1.0
2.4707997202409393,-1.3034013633098729,-2.1598528222139612,1.0
1.0485523259377727,4.971240024427727,1.8955411587286974,1.0
0.8629556108596601,1.6227933717136427,-3.73730391183848,0.0
4.513297694178966,-4.291951537150553,0.9072184851452922,1.0
-0.18387391281742627,-1.8631644953061355,1.2729707644439001,0.0
-0.9001124440227688,-1.3253964469931234,4.9125700459819495,0.0
3.4077329209546594,-1.3666505537240003,2.852376882369252,0.0
4.865845353489606,-2.609114638932134,-0.6413392056831446,1.0
2.0676646401170418,-1.6332105062099678,-4.702935500201145,1.0
1.134223567781203,2.5937994394598363,-1.8764769599641062,0.0
2.510439296717877,-4.190070415882844,1.6390445817293786,0.0
-0.8195675363026229,3.4434876058925514,-0.11674885228515741,0.0
1.6913445375378995,1.8930213732784837,-1.6920308446830212,0.0
-1.961917553066208,4.711330574158195,1.9071044124966718,1.0
-4.845286147888221,-4.20762623926303,0.5814590772265236,0.0
-0.6738574210586821,1.4192681266068519,-4.619799052166762,0.0
-3.3921546258052615,2.5838116647048253,-4.531454839093074,0.0
1.7886281552831438,2.6652393773451397,3.903373666528964,1.0
0.1294256665479585,-4.472417425468822,-3.768688847102004,1.0
-4.528307361780772,-1.1358021808265564,-2.2112439481875112,0.0
-4.516823160343951,0.20842235441571155,1.7788757301279867,0.0
-4.932524315597194,-3.290855531596011,-4.687844758040277,1.0
4.051258100930475,-3.7740503437307082,2.0856976760612724,0.0
-1.0136459670377205,4.871110589818182,2.9634565138403826,1.0
2.8419817978624327,-0.651915749356041,2.3301487661055464,1.0
4.532270210684244,-2.190530337157308,-3.3017798478785823,1.0
-1.3797620583367354,3.8219089852678465,0.6332397573903918,1.0
0.9439913942226061,-1.8504523145223417,-1.0551758146245307,1.0
-3.1968805306191292,-2.8152148497183873,4.133870397186442,0.0
2.4913648045697547,2.7588824723396277,-4.380748104534199,0.0
3.0890188680280524,0.4878095253386192,3.2565294076717723,1.0
2.2657316215556023,0.022886707476431845,-4.6285344309997445,1.0
-3.1519081184779174,2.1039110059305157,-4.046950330912576,0.0
-0.8346292647920182,-2.641241108520118,0.9449648797036065,0.0
-3.393735080386391,3.210634026710137,-4.741277190804062,0.0
-4.908920940699027,-1.0250248467690657,-3.394994521625806,0.0
4.356092949139905,-4.498824254411326,1.8763048141041239,0.0
3.5936260420839474,-0.6332930631005516,4.713035559078678,1.0
2.3905583334320815,2.2922063457213486,-1.799453811494145,0.0
-1.2408404847457843,-3.0682359456447417,-1.2611744279852277,1.0
1.9805790509775534,-1.6505266980832776,-0.7451555224407427,1.0
-0.9028584444068821,1.5540393385423616,-4.085214974372283,0.0
2.1142365556249025,-1.5646539103345014,2.5104183156522524,0.0
-4.098004730437188,-4.1845399535258165,3.7826748198646065,0.0
-2.3039733069479142,1.869210311689768,-2.3426234855898698,0.0
-1.681133345223241,-3.1553938382886604,4.552571835760622,0.0
-4.146280480422149,0.6214255628855732,-4.404598281329952,0.0
-1.008867252985822,1.1386505961787066,2.9933322417685027,1.0
-1.985721915215548,-0.18935428301656287,-4.928197138016632,0.0
4.132572895707277,-0.4099242913222634,2.1601112477349567,1.0
0.4183936840664213,0.8398444260547606,-0.5986021201381888,0.0
-0.38452410885752464,4.3469848210517235,-1.293711668628804,0.0
-3.6923730568080027,-3.5366751067032465,0.4214404010357242,0.0
1.4196568186528582,4.595444888492642,-3.0025615062608777,0.0
-1.0204661279677687,-3.092346115878261,-4.58766376529576,1.0
-0.7342723459219105,-2.6123286847929306,-3.485092879297084,1.0
3.2899095264716642,-0.6789632904779275,2.192977082521331,1.0
2.8208443314182823,2.911150170231206,-1.6526130092730709,0.0
-2.365704948910082,2.3901109897896076,0.5546044883393026,0.0
1.7259214388502375,3.101979488290027,-1.6001913364444187,0.0
1.7918404589289674,3.2569168775088766,2.4352877001389643,1.0
2.3429055019832052,-0.4041681269430075,-1.2259103955509811,1.0
1.7609448865388897,-0.7032615509286373,0.3039478237205451,1.0
4.066354402242142,0.4583515587765339,-0.7978415200609223,1.0
0.8827851712742003,3.387626132284341,2.6083532338478417,1.0
2.7007703434301273,-4.724083766000623,-1.505903857568721,1.0
2.885812622855867,4.824884858019738,4.6465787116996395,1.0
4.613740307607131,1.4320826122543835,1.3190972284311222,1.0
4.974335825880903,-0.8189761291860673,-2.1467591071825263,1.0
-2.221486807860935,3.723044008277233,-4.155793709211051,0.0
1.2365121362072884,-3.815872306596979,1.786749632659161,0.0
4.968797341201551,2.079312803189058,-1.4085856158561691,1.0
1.069310344230578,4.1379724810768685,4.101114197808361,1.0
0.7896821294171774,2.181321532528152,-2.7887847315249656,0.0
-0.5723974349680034,3.740450801427329,1.2798961794469967,1.0
2.9577361321387734,-1.7854079842043156,-4.728337505946895,1.0
-4.318101839612155,-1.3176494576244027,2.179534476540846,0.0
-0.4825977425500465,0.22095230266437582,-4.007580104162627,0.0
0.8908397914533897,1.1111516187082957,-0.49505407128606826,1.0
-0.10844869924336997,0.8630226471016762,2.540896663101754,1.0
-1.751234399632132,1.628967454628416,-0.4827404913100324,0.0
0.7112816392512737,-1.8924767249788763,-1.6509975497680376,1.0
1.82988633083255,-0.28716008733596343,-4.7032272592598705,1.0
0.8853024062711192,4.165439224626795,0.9847903801703168,1.0
-2.7795359201897973,-0.7624969761320033,-2.2651293551816973,0.0
1.7435669562529394,-3.775789488277895,-0.9410343545537856,1.0
4.204971238627994,1.6711204548017333,3.6481029834504852,1.0
-2.329594225576388,4.1197104053871065,-4.481759413011649,0.0
-2.925827637440981,-4.144271685020308,1.9714530201512002,0.0
-2.8087518127405096,-1.0924535702829221,-0.38182964366690886,0.0
-2.4712461468544467,-3.2974822371638544,-2.5522994306407365,1.0
0.5467261097582332,2.5879453024015087,-0.7747271276407375,0.0
-3.1919946621458872,-1.3620271593436595,-0.14248801061739336,0.0
4.375821390561137,0.7306900089324913,-2.7524621937506644,1.0
4.803126826397023,2.2463826994376115,-1.827780243331969,1.0
0.32657394218119506,-0.0032653838827778614,-1.8088353436027216,1.0
-1.5962660136029259,0.261474828572803,4.3117802203798234,0.0
0.7116924204017323,1.6643952146713765,-4.504280173819745,0.0
0.3402340027266062,0.6516908233887309,-4.562250446066944,0.0
-3.897997121511784,2.5094650105522227,-1.3296488024952104,0.0
-2.040456587176982,4.307978999879694,-2.3691441612888573,0.0
-4.3659072522672515,2.0206490927960816,0.1694224002488891,0.0
-4.110039926746576,-3.6731738278681036,0.19365378825023782,0.0
-0.8855017303748633,1.0722736264299666,1.3380325122697094,1.0
-0.17573295510082243,-3.7076034995234974,-3.152819656152067,1.0
0.5657637879805577,-2.4288115441200087,2.1505282384497546,0.0
1.3856040814971262,4.85108197847714,-2.762902265951721,0.0
4.169925694259861,-3.3641952180038412,-1.13971250893391,1.0
-3.0685093867072966,-4.871045263256155,0.7604473585468696,0.0
-0.27575459903982047,-0.8443023649885584,0.9859901412224801,0.0
-0.6604159734060477,-2.303300167529433,4.086299550865194,0.0
3.041638852643908,2.1221583438474045,-1.2318489549481004,1.0
4.3187697546827035,-2.6590671602404212,-2.0244408148194406,1.0
-3.1406046119180986,4.551646453532397,1.0083037552459109,1.0
-3.2908269382837774,0.26440992637187577,-2.837069422967269,0.0
-1.5755941371792472,0.23970220037860024,-2.018794771398734,0.0
-3.711097668658654,2.2028092520148324,2.828480340944001,1.0
2.855525136659746,0.414597030631648,-2.8031756864917226,1.0
-0.7752959522869372,2.0592939980392497,-2.4816247717559268,0.0
3.0594758492349907,1.0787721408842827,0.029764801309998035,1.0
-0.8648675494626756,0.3019125557871183,-0.8153416638873665,0.0
1.8799009519142729,-0.6201024330910077,0.267564766091998,1.0
0.44464449686192253,-4.5035750590362245,-0.5886998285676013,1.0
-0.8110765310055568,-0.42554147262406605,-2.9284437285245444,1.0
1.3775447285742084,3.5433320822729133,-2.2121558598881794,0.0
1.827783927365255,-3.407609693668634,-4.632106121430453,1.0
-2.9626901312057488,-4.565144948275667,-2.9066519012411574,1.0
-1.2487011884538268,1.257504620575153,2.220847928119813,1.0
-4.579023110510879,0.6015356801595466,1.5621614214311936,0.0
3.3833535092941975,-3.285032732475387,-0.28400312338424083,1.0
1.834724617354099,0.49209139499829746,3.0163595820857996,1.0
2.051385948828731,-4.089994865373465,-4.423772596201687,1.0
4.226606039278044,3.9293002446746517,-3.8545548648468877,0.0
3.0320424310474543,1.9427125592735681,-0.44068229793695046,1.0
-0.36587821831358536,-2.21837597276484,0.812247754914118,0.0
0.6992166683121841,-0.2999844527955853,-1.6069619974088867,1.0
-1.4534239812798386,0.16526347566078403,0.1263432394264683,0.0
0.8790653465389724,-1.3561189103085258,3.5399824372540802,0.0
-2.025696201346938,-2.6601178939772696,3.7966526917767123,0.0
2.8962496107211173,-4.808648755592113,-3.9646771102776435,1.0
-3.2697967037525046,0.4286905061371762,-4.079877896264592,0.0
0.30345885154734553,2.63253621340046,-2.6834919524448653,0.0
-0.07933697643387116,3.806115857310715,1.505671191034792,1.0
2.5748994509430654,2.4439180098041824,-2.8888344501290475,0.0
1.1355033405663209,1.8462842278504734,-3.6034432332826363,0.0
-0.5905015032023595,3.9102446828355113,-0.21135314403657102,0.0
-4.514883053865798,0.038650864202455004,4.389507386099968,0.0
1.8636466431875185,0.09328863446194369,1.0612037194662358,1.0
-2.59177262165337,0.8114445045548289,-2.4592475445408013,0.0
4.465179289353227,-2.933131938903717,-0.7741638005112392,1.0
1.1113348789922934,-4.103938298223957,3.8697327065128366,0.0
2.6425216643166127,-2.544946853676681,3.9426332858268793,0.0
-0.10098674128321683,-2.2619564561531593,0.3340116318279174,0.0
0.8759611480687379,3.902676223265809,2.7851172783668847,1.0
-2.74679936837393,3.1273086624986792,0.18722255187279213,0.0
-0.516736918894166,0.5785775867427603,0.7758307746505766,0.0
0.8988903501646064,-4.041968487516193,-0.9729960895034644,1.0
-0.6443533440281115,3.926017952689298,-1.6173152783293112,0.0
-0.6560304947482845,0.071477069086189,-2.395141462382914,0.0
2.5237994662322736,-3.4870316931267,-3.259069217039091,1.0
-2.0260762321661083,3.8751996851636736,-3.8614921012214367,0.0
-2.144937664515678,4.5482694499420955,2.542479752934529,1.0
-1.903172290166486,1.900022844495429,-3.0934026546582425,0.0
3.2518159695647917,1.237567615433309,2.8153109748003473,1.0
3.8863220665569482,2.8539651355717366,-2.7994454225961416,0.0
3.249486189562175,-2.0572960459950895,-3.722819417626356,1.0
3.8203277276995706,-4.8344724617739185,0.5030879804834996,1.0
2.0978994552553605,-3.515021320185434,3.7208260484251774,0.0
-4.494777644984778,1.475604219881622,-0.6108747113495312,0.0
0.5649873315892284,1.6493178497052128,-2.971405253101752,0.0
-1.5675072372300858,1.1060186993559284,-1.3640487392690082,0.0
-4.062446459590361,1.7409693990418154,-0.7734122027547023,0.0
1.7751513417061746,1.0306593724224928,0.7821438025283012,1.0
4.365369515301204,2.610087359615827,-2.4575585624075833,0.0
-1.907866535884902,-1.1766035306726352,-2.197244997105999,1.0
-3.3084384495197448,-2.92361434313686,0.589722304634587,0.0
-4.78590881768832,-1.3158172272559234,1.2318541914009042,0.0
-2.014776752229419,-3.006316988893513,-4.5665731573049495,1.0
-4.2282468423689945,-2.405440838907621,-0.44320345383140847,0.0
-3.480660878971592,4.607308498939265,-1.5885481351657358,0.0
-2.5204944621853844,-3.167053072082353,-1.9684831543573589,1.0
3.262637684016992,-0.2262192772931968,3.625869503486925,1.0
3.106485838148073,0.1452904165998472,-2.635132560557112,1.0
0.4667844408346413,1.0516000134679242,-2.3952364773152635,0.0
1.7436191392997626,2.2518032479317522,2.275879183819516,1.0
-3.721724896044151,-0.011125471688200328,-1.4965826164034315,0.0
-2.9973205082720424,-2.8348376267556974,-3.350712437234523,1.0
3.725557934558676,-2.9632901916899668,3.9713701773492858,0.0
-1.9142232577119076,-0.9101782569878072,4.821531105983366,0.0
3.497483674741341,2.0886361504931896,-3.6565738414271554,0.0
1.2834361263202467,2.9777428616779753,-2.998045724890458,0.0
-4.899447299891893,2.3459561928748096,-2.0864710052893756,0.0
2.3486963988799126,4.32215463478885,0.05361972760133682,1.0
4.78996799691426,-2.9688289209918697,-0.6471169746078154,1.0
-0.24582192444648854,3.1376748920830284,-1.1704812318408289,0.0
-1.9295132246741922,1.176911278909066,-3.148754734267131,0.0
-4.114608925598971,-0.9944903580156659,3.3806964260080328,0.0
1.5138775354931884,-2.95015990529102,4.739163670995437,0.0
2.756297993525205,-0.32916286907715353,4.448467649731569,1.0
0.9406958546356137,-4.852064933513932,1.728825449989893,0.0
-4.063514455963501,-3.877443742924227,3.1548538894534737,0.0
-0.7965425533171198,2.1097628475943058,2.342016395584272,1.0
-0.5433726626818158,-0.6323908084920307,-0.18931587953766904,0.0
-3.088134872733158,1.1522649589843699,-0.8049460848855947,0.0
-4.624235341168154,4.0872979165148156,-1.549310321831089,0.0
-3.484578516463299,2.0068030419869807,-3.3235503798968438,0.0
-0.6009686580414266,2.354383454652349,-4.299767740403619,0.0
-4.221893447574054,3.037475541742845,2.3387821343721313,1.0
-0.4033262553268049,0.4999262101134283,-3.5397467693995877,0.0
3.4248714769642756,-4.0820504002211795,-3.491753566360999,1.0
4.917433697526665,-1.2043719907275685,0.656318389334408,1.0
-2.903747525875392,2.3779645678568624,0.757332921375192,0.0
1.5160615652168152,-0.0273021561030955,0.48893171207795927,1.0
2.4606052274322856,-0.771136271692817,3.4840041206469934,0.0
4.5959796046730865,2.7946945647862256,0.8657645644785124,1.0
2.3557580889429195,0.21518875644381907,1.0786459701058595,1.0
-2.138271253656306,-4.444184201111402,3.5072830037746687,0.0
-2.336092006030137,0.018025219261794234,0.24826291831714542,0.0
-1.3083967534566074,2.1374698249222712,-1.4529208991877751,0.0
-1.16391995349731,0.17599176086474877,1.6342778896311216,0.0
2.3409282932911646,1.0175814150057718,-2.3615066762943515,0.0
0.535350623771377,-3.9075247858712303,1.1599311368455725,0.0
1.5726822737338528,3.5498352751347912,0.7227125582138783,1.0
2.1976868895216484,2.5422673879996607,-3.2473533020312506,0.0
3.4813599385062446,-3.2553107869281006,-1.6573973312644172,1.0
0.5817503821549765,-4.723005436361739,-0.9694176809654671,1.0
1.1274188583290803,2.5821927196721717,4.029931905997968,1.0
-1.5307672352351807,0.09851209586530985,2.042460890104749,0.0
4.668057758194262,1.9091718019778856,0.9210041439049652,1.0
1.3648376436628071,3.6707181807210016,0.5116068833702494,1.0
0.5845168746042653,2.3188299261985623,4.573341734735173,1.0
0.09880310507768364,1.2637266954059898,3.350274423043764,1.0
-2.036109330952147,2.2452710785389502,1.0767728892525845,1.0
1.9398374799002163,-1.047963956478013,4.750525742305875,0.0
2.8319408223308447,4.3774889716774545,-3.462014445132996,0.0
3.643873898759681,3.0707572740317772,-1.8069222158468348,0.0
-2.8732475828870108,4.438699752431685,-4.393534192421188,0.0
-3.7228297183000034,2.115783685389375,-0.9661521096500136,0.0
3.1766004557909184,-1.0565072186175994,-1.068254836028153,1.0
-4.088669326585983,-4.290365434579083,0.7785816378916186,0.0
-4.177100093350696,-1.6461051269700944,3.3732694453700347,0.0
0.9761258065375822,-3.5894900755732895,-0.7802527356570179,1.0
-0.8283807544166226,-0.6130379712876657,-1.4815599937320947,1.0
2.940229814805644,-3.478309900943467,-4.461040147559691,1.0
1.359705677217903,3.70009598177392,4.641538147478013,1.0
-3.108197937709225,1.5043347153945863,2.0477504904417945,0.0
2.098278094732806,-3.7791756094118742,1.2644782215526629,0.0
3.413908597078226,-1.695547201021399,-0.16518184990491314,1.0
2.020191732345938,0.779098668317717,0.19460841350547753,1.0
1.1852161624047888,4.4675470323650295,1.3327756844436554,1.0
-3.4713145744581473,-0.47047996275997583,-1.6358035614131863,0.0
4.3079193507953235,2.601071424152776,-2.5789403008584433,0.0
-0.27268880724531375,-2.399486789100984,-2.723036862369159,1.0
1.8438611946107644,3.523249849902495,3.1299766299772287,1.0
-4.406647505684489,4.900189620854844,1.7509355352199556,1.0
1.581515436252877,2.970317198481453,-3.854125421782654,0.0
-0.814034299011734,3.731183771243572,-1.2673017796310084,0.0
4.665742546075183,-0.0646877509013164,-0.049603477748981106,1.0
-4.839561970422379,-0.9767372941709827,-4.479714910503874,0.0
0.08382946276717895,4.93302193568641,-3.570308662813879,0.0
2.247334284803511,1.1041714632770985,1.8689636934046696,1.0
3.2796570259476105,3.927069251279594,-2.6870226179326306,0.0
2.8860963943473994,-4.833993508864676,-1.4717063144652762,1.0
2.5393820217521643,0.06586378554439776,-2.878670028669438,1.0
-0.9512261495282601,-2.97989893924877,-4.756576282222031,1.0
-1.7177209034542629,-2.725850967303327,-3.615993548831573,1.0
1.2331141925987161,-1.176326408132673,4.590157067647985,0.0
1.4803538233200317,-4.601848520729513,-1.0988424756768533,1.0
3.448145230109647,2.3219869392446633,-0.3196096642538029,1.0
-3.058997820196497,2.7306832211610335,-4.473347127375455,0.0
-0.8270551500338872,-3.4323142996546787,4.10467387657212,0.0
2.48950028539341,-4.961456876709919,-2.0043780099965924,1.0
0.28658915157023035,-4.9050962022666065,-0.4875942855862414,1.0
-3.2586107544615484,0.7225699497288449,-3.179139211604307,0.0
4.110942223053714,-4.210182444264669,-0.4934854684485117,1.0
1.1352539462727211,0.8592201314905692,-2.485546209424446,0.0
-1.5042474672027382,-1.0382357525192774,1.920456928703688,0.0
1.9328462259866352,4.172815175037689,3.0816440306806356,1.0
4.730739076061701,-2.8825490878248927,-0.03385634313210506,1.0
0.7430541403464543,-3.520151903840948,-3.842998200852752,1.0
1.4892083504930964,0.5876713611646975,-4.387054725298642,0.0
1.7506321740274897,3.8108788242399108,1.9157459277546183,1.0
1.6082254670192633,0.17133677337785613,0.6899804209553775,1.0
4.183443001128236,-3.3533312165746167,-1.935568488742918,1.0
3.71955503178771,-3.8551513048407635,-4.079308673248818,1.0
-0.9779877151737377,1.1533297103897393,-3.753369791875544,0.0
-2.958382315785444,0.5070530537963771,-2.6215884895854433,0.0
-1.02840617051727,3.679024159015672,-3.2416717294518604,0.0
4.115244448157844,3.5656642423160747,-4.341548679510333,0.0
4.348581970512475,4.5534805818159505,0.5655382290445932,1.0
3.783035034865879,2.8126471466473184,-3.847691953047759,0.0
-1.3300538520985872,-2.657300086557828,-4.965043884649444,1.0
-2.9732793645899456,2.9618210326568324,2.2859479894443924,1.0
-4.464348564935442,3.1874735959956233,1.2843624512523624,0.0
4.120071947305849,0.9533002186936388,2.290627077975823,1.0
-4.518499631025101,-4.44653670692397,3.178412191862975,0.0
2.446355144252884,-3.0715891074913126,-2.0428546478709517,1.0
2.161502411335211,-4.807434663038565,-0.2452841014504017,1.0
-1.5923210063996462,0.3186740777519841,2.761700240672594,0.0
-3.8277430432844506,-3.9466611408473162,-2.257338945771059,1.0
-4.610734653716348,1.218827095414281,2.8626504007644247,0.0
-0.6386650259193063,-1.9025347978464535,-2.5654717309847443,1.0
0.9820095864979104,-1.0395944073342478,-0.5935502285540473,1.0
-3.655393294662991,-3.442176311121771,-4.387637731259665,1.0
-1.111181932898945,-4.1821775936578724,-3.0360232163460465,1.0
-3.0432533338060654,-3.4064081950932357,1.5651891604002666,0.0
-0.265117659318852,1.0658739603872966,-1.640304797942449,0.0
2.5432697878586428,3.3648624797796796,4.655464738703005,1.0
-4.230102288497123,0.36743964482241154,-0.7233123900399896,0.0
1.637686735639087,-0.5475332292271995,3.305368185741157,0.0
3.232469448016081,2.953668745337332,4.007812555796136,1.0
4.512127821040611,2.0474951534231085,-4.582985243479392,0.0
1.3299605680459337,1.3961759223526542,-1.8067194675237896,0.0
0.10622925584490517,2.0020723849018127,0.3657580947913637,1.0
1.6599610300641396,4.816722499349995,1.4709505048048914,1.0
2.5292919969942274,-3.017056527899815,2.1352349432435256,0.0
-4.437850726704305,-0.43059666466129976,-0.8043701936043046,0.0
3.792061142026137,-1.951067059154361,3.848766880838605,0.0
-0.7652036200736774,0.8830867230265458,-1.2208135926065777,0.0
-4.860479435037898,-0.3622473244899913,-1.8833271268255025,0.0
4.800330408104118,3.3342174820420425,-4.847350131882684,0.0
0.561945817481706,1.1206283574959732,-1.2316276236425794,0.0
0.698389197800573,1.4768981030943422,3.0581689150949494,1.0
-2.7972379070119056,4.3844761322909225,-0.7327587856669453,0.0
2.568243212851308,-3.7883271578442357,0.9933934371160404,0.0
3.33977290836906,-0.5546288899073417,-2.824749284954536,1.0
1.7452635272156778,0.407058284426439,-2.3075680033461854,1.0
-2.823325862384829,-0.04193367646860402,2.4285162686470807,0.0
1.2255700141716366,1.1444648258781145,0.9906540114870275,1.0
3.0993973466166835,-2.537967994874115,2.196091468659299,0.0
3.164377803216036,2.9620966940090625,-1.893132189651073,0.0
-3.327437913814364,-2.0180698511077724,2.410195222336543,0.0
-4.738781417286699,-4.92357629927271,1.5935296205956906,0.0
-4.512295011708662,-0.2935130047015786,-2.042686491466351,0.0
-1.2036940747482863,-3.5219738492071317,-0.9246232333219995,1.0
-2.7297744269946875,-1.5982160055984576,3.520709132028543,0.0
0.946176039152073,4.056330437079907,3.961092958113154,1.0
-0.7989490027348403,2.2861601929891684,-1.7188237167963516,0.0
-2.7827293848029724,-2.8088929096771995,-1.5293115452857498,1.0
1.4695499583064233,-4.52406150367266,-1.7374238199920078,1.0
1.9314644613509735,-2.7771552493772367,4.448751488389217,0.0
0.3103428229400311,2.404026964633368,-2.4522292924639677,0.0
2.1366764749198026,-2.0035890126100986,-2.159167426889008,1.0
0.06599282502123316,0.7919172739992506,-3.735931624595692,0.0
-3.979152915358657,-1.2376204463342413,4.3291338758178775,0.0
-4.370925209144604,0.16272872752573164,0.8327950305683061,0.0
-4.168954027621517,-1.4823094016936555,1.7901077071717104,0.0
-0.6167727765531916,-1.5040998109157053,3.2113985218022183,0.0
2.68844747713956,-3.927239220986538,4.742281958481044,0.0
-2.627040070428511,2.918369266055146,-1.3312746157334643,0.0
-2.728825941817953,-4.244477358709141,-1.256051963993973,1.0
2.641175837669479,-0.3325226476356278,-3.2413830664370002,1.0
-3.0350127760072154,0.08780287144437349,3.892763176934837,0.0
-3.694655825522216,1.0796895812842733,-0.9017365896699561,0.0
-2.0128597773339196,-0.9298576459499746,-4.241516636412975,1.0
1.5469414494135076,-3.565352218507527,1.8962911153892748,0.0
4.390548364480306,-0.41551026789063616,-2.003963372945469,1.0
2.5855640504434056,-4.590271535252311,-2.505907361507492,1.0
-4.316105065609187,-4.896030281543892,4.639652110108605,0.0
-1.6891197315604445,-1.688564868674801,0.7558762007945283,0.0
4.68790917866699,0.16366449217890633,1.6356921328101546,1.0
-3.638102837093652,4.423865832061184,2.903164069048369,1.0
-1.6061875022679062,2.00452558421254,-0.2543428959822265,0.0
-0.854758519923533,3.6619016818378167,-3.7408646164647417,0.0
-1.187299065235262,-4.967170484894995,3.194449054481259,0.0
-4.036038825639797,0.6752068387124766,3.1293229252048675,0.0
-4.603586919152756,4.379867517195363,-1.401586483568742,0.0
-0.13084656818853713,-0.9835451276234526,-3.142633046553197,1.0
-3.2024980443802065,-3.754759560201306,-1.3251530629916388,1.0
2.722376831549724,0.9019602229330328,3.4925118709223604,1.0
-0.8532792597564853,2.7835978533977013,1.0503176418548676,1.0
4.845298524869785,-4.838581945450756,0.19757347247254664,1.0
2.686773044663191,-2.7519754372498637,2.344709860918771,0.0
3.30215483190074,-2.2852999202583124,-1.0076645147394703,1.0
0.6833427334266817,-2.7418821982923722,-4.501716643470919,1.0
-2.8433380183765,-3.888230684348767,-1.1121788335889446,1.0
1.6543195197406568,1.4278420322739347,-3.9764427438342853,0.0
0.9136219837374107,3.6082729143975243,-0.2325889346484109,1.0
-1.7284679089369028,0.0456179176598992,-2.162653222369233,0.0
3.879215902517357,2.2853744702051157,-0.28689021404600545,1.0
-2.564957207826868,0.9986341380830073,-1.5373712140727367,0.0
4.609133934649176,-0.9667022280939284,-0.25001801667818135,1.0
-4.394743355639807,0.7856866637484714,1.592784100165967,0.0
1.876865397061449,-3.9513425933468938,-4.878091232438368,1.0
-4.739956459282069,-0.0004246488650707647,3.925824818000155,0.0
-1.4362441260774972,-2.394548211961489,4.53336270105406,0.0
1.784637866065637,-1.8849927758311869,-1.7034018873908074,1.0
2.8320282169935123,-4.214677720725227,4.431611847681307,0.0
3.703122280832316,0.14881355613455138,3.6610725134422832,1.0
-1.2055928944312377,4.362654385279125,-3.968742723920159,0.0
4.104645986787494,0.11354368519729174,4.379541217830724,1.0
2.5751712321597786,1.6575378438988455,-0.21916328379867522,1.0
-2.913731266302281,-3.924695125245413,-1.4030114134546934,1.0
-2.0960351415403045,-0.02582022111915272,3.3135659121640124,0.0
-1.5893179286894155,-4.681315096803294,3.733721329475552,0.0
2.0127630561088576,4.012600227631491,-3.0695523515176024,0.0
3.5684881059842404,-2.945191924849997,-4.9721666462994785,1.0
-2.1621823806425455,-0.9744875844567407,3.374008378158166,0.0
1.6499860559203858,-1.6981071063915798,1.7783380390198182,0.0
-1.7744970939539542,1.0794799215089368,4.106748216994923,1.0
0.11547411182811107,-4.256213397687702,-2.0726923702592357,1.0
-0.9565921352015927,-2.458063582994213,4.005692552144728,0.0
4.939691692253689,-1.2685172461591798,0.33492523075989045,1.0
4.271681213734913,2.7137227858532933,-2.873551731839111,0.0
4.594085288613307,-4.369345574552463,0.5090925173221814,1.0
-1.3451312751172342,2.9439288141551483,-0.7009631248650408,0.0
-3.2708962727754285,-1.15361477885933,-3.8510695494475398,1.0
2.2469421318768212,-4.901768222548092,4.124259368948355,0.0
-2.207371973981952,-3.275114527345292,0.21404152913124452,0.0
3.629969164363782,3.8415836593811967,4.1708652676870965,1.0
3.195216348468893,-1.4952979148589929,1.357423514595789,1.0
-4.649769332684226,3.3442555230760345,-2.1561401425784466,0.0
3.9457964107569,0.7964636207424274,2.2465439607772177,1.0
1.6439078862390089,-2.0364630082804434,1.0393016141208102,0.0
4.230204315560876,-4.203890245487532,1.9788506084981599,0.0
-3.8466571973449537,-3.449897289043935,4.456142357515379,0.0
1.8566932053404628,-4.091207391124029,3.1065406943153064,0.0
4.217953381759189,-4.1686992432431005,1.9863506455896252,0.0
-2.7584937211693807,-2.8160204274960856,0.5426320417741914,0.0
2.419296129063591,-3.611530910117011,-4.645530335157179,1.0
4.987476182634259,2.8794002910373706,3.249286669805503,1.0
4.2727753705063485,4.533873875418857,-3.8458245183461006,0.0
-2.6594763677182454,4.681077669569989,-1.0546756646890723,0.0
1.547618085093223,-3.7467775253568645,-1.7238127326491637,1.0
-4.829431889104003,4.5080889128921395,-3.25361142350278,0.0
1.2503603730082293,-2.091828892334897,-3.7706576717393414,1.0
1.7341677418860613,4.35890286425958,2.974549688602278,1.0
-3.885528639237499,-4.834838994925342,3.0138222865487467,0.0
-3.8674289197465384,-2.088916164010428,-2.9400053158693487,1.0
-4.689077678082786,1.3275553156161255,-4.414462739533339,0.0
3.4903665255282537,4.094288678269038,1.034918752623767,1.0
-0.3361136909308087,-1.9890158826865925,-4.669581970345824,1.0
4.2593546119469075,0.2594807869286946,-4.761970658888312,1.0
3.874296878435425,-2.6524256898332945,-1.4944087520316574,1.0
1.8246921549585835,-4.6006672637003385,1.0908312940763745,0.0
0.6050442486512067,-4.690898363046657,-3.747560917373114,1.0
-3.136362346370017,-0.8595948380213416,3.2431964747080038,0.0
3.8871630892360773,4.6185229089204345,2.7156988057085742,1.0
-0.9781548179211006,4.9589438213960975,-0.6136562594915294,0.0
2.287184133772757,3.9058431386245314,2.388813242765597,1.0
-3.0798891729199163,0.9951864085733195,-3.5335720567120834,0.0
0.5836520339894333,-0.6719851045992042,0.13300079289980538,1.0
-3.576340083788244,-2.736667776485998,-2.5447661927663967,1.0
4.68195925104609,-4.354513560260535,-1.5481375214276296,1.0
-3.27440907233275,0.17170769359659133,-4.05957886886582,0.0
-3.300062884271221,-3.499689401790439,-4.962737513024037,1.0
3.146195312989322,4.400602590747223,-0.8670169942781927,0.0
2.7446616617253525,3.8314582188620854,-1.7450425511815904,0.0
-4.992248336706333,-3.9160284588919634,-0.07187865745945032,0.0
3.137741643321121,-1.6332645824056566,1.9706497236242555,0.0
-3.109616903977158,-2.296043147731762,3.091050552314252,0.0
3.3683779065899806,-0.02806901756742608,-0.594218223334221,1.0
-0.7355488377784258,0.5529743584081546,-2.98556162650081,0.0
2.4355896455342654,-2.6578489568718378,-4.865776038288562,1.0
4.439519880615427,0.6334830826169835,1.2256841266837135,1.0
0.8729553524797584,4.041143621286791,2.4083102959266416,1.0
-1.6035444063372184,2.1696302835072654,2.9593117239998845,1.0
2.7000119816834403,3.5358613150244107,1.9480773723565363,1.0
4.441697918013981,-4.1515002679080855,-3.1542795308489593,1.0
-4.192264005109742,-3.4203001998281737,1.8828354656915671,0.0
-1.7239366775934464,0.12137300911257753,4.613861910637841,0.0
1.6593110816189878,2.438053483329222,4.511115377292432,1.0
0.4467760597378101,2.620263648520204,1.2246102412649327,1.0
3.6360730233114467,3.4079030076234496,3.5209963374213853,1.0
3.1187921729350148,-2.9286629887659754,1.5292043777705793,0.0
-1.539550028277855,2.923875189589449,1.151201488595551,1.0
-1.9464276329995656,-3.3664644585208436,-1.5673987574854706,1.0
4.404189766368157,4.333379089368622,-0.7476479849359325,1.0
-1.6215342719227879,-2.3954317049173857,-0.17236230003749142,0.0
-0.9409203302792886,-3.0870612459612135,-3.1550014309958243,1.0
3.3945117013182617,-2.3315162403315925,-1.2514698337998875,1.0
-0.4870698561087057,1.837706890845431,0.5385843153750418,1.0
4.3371359120761035,3.4498042869162955,-4.210385535693413,0.0
4.647352439338556,-4.027433570708832,1.6610951221438421,0.0
-3.114186571376937,-1.2557365583843962,3.128164223994691,0.0
4.342411155862747,3.757457080213145,-1.108280752074923,1.0
2.061978496227322,-3.40697391809777,-3.209356577281939,1.0
-4.70077526507171,3.7815947695791525,-4.844498999054218,0.0
-2.9808757892159554,0.770325006358993,2.63231877584008,0.0
2.6128266355249394,3.646052550496588,0.7480293343133839,1.0
0.5784080139757872,2.6400226872174395,-0.035189344217331,1.0
0.3056734414797857,2.1297585690752294,-1.4586768411755981,0.0
0.9088845847499849,-2.7942994673945942,-3.1053729113603157,1.0
2.990907966406259,-0.13703858983887596,2.0558146117769933,1.0
1.30574195444283,1.0307611483708046,-1.8429714982835197,0.0
0.9180673013990894,1.639979701028417,3.450757346068876,1.0
0.15707930156246963,-2.7457052295732574,1.087957768053629,0.0
-3.2318862903443826,-4.501971016978037,-4.76153869235954,1.0
-4.939783808212921,0.5014545780929138,-2.7750556874000107,0.0
1.7595519582750052,0.6272380833433591,-3.2143510220732594,0.0
-1.4145198152318814,-4.218281017568463,-1.43452468530017,1.0
-1.0703536996009744,-3.394372610044536,-3.3546325178990366,1.0
-1.099270047474553,0.23288008304834484,2.77356173688879,0.0
-4.351366206533996,4.626038550010524,1.5505209858023008,1.0
0.2668079911175134,0.6153989065839385,3.319606878011699,1.0
-4.032708944332811,-4.324165709340911,-0.029234087362176808,0.0
4.274437914475357,-4.3608287954358,2.7767353248437354,0.0
-0.7560812815092195,4.554451015701606,-4.839681729979994,0.0
4.491487789005733,-1.5131039490035403,-3.293413089669924,1.0
-1.3384772481163711,0.8864861308155785,-2.149844882659707,0.0
1.6706874293745795,0.19572116450561783,-1.5881767449315132,1.0
-0.8739446444061363,-0.41845385790883594,0.1233310765012412,0.0
-4.577101487843944,1.1303919502586437,-3.5392983826121274,0.0
-1.0970884611882994,-3.2645727696393836,-2.4253470161427124,1.0
0.018611959029952274,-3.336987416240359,1.6167077348777479,0.0
4.249556886221949,-4.307576246250941,3.5828013167842965,0.0
-2.529185177730718,0.7384847949723845,-2.7694701939328628,0.0
1.554497406690639,2.930085922910771,3.261287317812437,1.0
-4.900586771175718,1.0821726918062282,-4.4133791734459535,0.0
0.3996862729218247,0.5406581932894996,3.606904001141027,1.0
1.9962521394244384,-4.8496520284649876,4.571045598453615,0.0
2.480642824430591,3.341991719018546,-3.7908187334031638,0.0
-2.764825522358244,4.995599916589654,-2.418883616243069,0.0
0.5810639407253424,3.0893670789054823,-4.355335733133501,0.0
3.4547881764735138,3.2969984894051745,0.584959796351705,1.0
-2.09978431542634,-2.98835936064041,2.0686182357462375,0.0
-3.585094393921884,0.4290928816746433,-3.3270088938650897,0.0
-1.9343262216203048,0.07490113591753378,-3.805771899030553,0.0
-3.403065018137288,-3.237626946144032,-0.07077619285741665,0.0
-3.462472244392698,1.3565985171082229,-1.6123703771322448,0.0
-2.612534596408691,2.587672829621514,2.802033771247058,1.0
-3.0701408733645943,-3.7683724758562542,-4.761203036841215,1.0
-4.700322884401537,-0.11557123846565265,-0.3676701104361282,0.0
-4.644897004267082,0.6736165769910496,-2.0480762569459654,0.0
-4.713660386119053,2.1609214141716437,-4.710438691605426,0.0
2.5560829434194634,-1.7153982612138243,-4.5390673442443585,1.0
1.7652885037015604,2.911122601037385,1.3527587757811776,1.0
1.433969840541808,4.049818934042355,4.725025289670764,1.0
-4.150565439658168,4.178815942007386,-3.0102499482585907,0.0
-1.0220581690192043,2.143932069516417,-1.5485436437026001,0.0
2.810014881127657,-3.1011299397942773,1.9626321287533521,0.0
3.8093367110425973,2.3416906238541824,3.338158212905679,1.0
-4.152022594952587,-4.3336328699999545,2.054767615805967,0.0
3.023759081550077,3.1433826905312916,-4.550831104846184,0.0
-4.0617106373048495,-1.0148495596653495,-3.9430871916190346,0.0
-3.433808205482347,2.625752130293586,2.1879670545257133,1.0
-4.574399522709609,-0.35419231023813325,-1.0721211947945064,0.0
-3.083030032611288,-1.9448769041418892,-1.8481654232069444,1.0
-0.899030720131087,-4.69884565651311,0.592230820901217,0.0
-0.8373328633859964,-0.910528073544902,0.8710599868465208,0.0
-4.918352778532945,-4.561237386915672,2.26598106190841,0.0
-2.4421567973426406,-1.9464484252408045,-2.2103272191371226,1.0
-2.737822949718952,4.753806831518228,3.7765557130267684,1.0
-1.3658184686641328,-0.7067708196114708,-1.6636531173802904,0.0
4.134879937569245,-1.738899214881724,4.633497277779382,0.0
0.5500199295542245,-2.803224129504436,4.779897249441662,0.0
3.947954300449915,2.1604645151812827,2.0214518337963643,1.0
1.9471782621476477,-4.3566131127860785,3.827878217509804,0.0
-3.9044258467195405,1.8969133858020388,2.5411925103184902,1.0
-1.2880887643175267,-1.9010675842540845,4.7481591428164585,0.0
3.8001393901699245,4.575688446128861,-2.8115546770553523,0.0
2.146073093949015,1.6261275624608,4.304655572284242,1.0
-1.1706600937289027,0.632616405690789,-1.714057230628704,0.0
3.284839498991607,2.1195937654354093,-2.0725937294270445,0.0
0.5513879617877073,-0.48876247094904635,0.2598738001576031,1.0
-0.7218423356598755,2.9505541859020674,2.0910630664349785,1.0
2.6360068000042176,-4.2432216393417574,-0.6883047763711829,1.0
-3.9890284422322573,3.857475285721204,-4.875138886119999,0.0
4.373016393537274,-3.093732359524597,2.7396029574465084,0.0
-4.632215721052717,-0.6297783507104509,1.313175137930953,0.0
-4.250441110201148,-2.0317027834374555,0.38561462862990137,0.0
-1.1651363896379854,1.087191100220954,1.3645383324035159,1.0
4.326361639042146,2.005551417944032,-4.709599603752186,0.0
2.574783312548358,-3.066512837788844,1.7977305851346994,0.0
4.044812476598537,-0.27174062266703203,1.2423058030702805,1.0
-1.1956301253977628,-4.802421936615227,-4.056095875617873,1.0
4.137727848921342,-2.701901585931438,-3.657198202982883,1.0
2.5460416668815524,-4.729992464126488,2.2491544475490493,0.0
-3.739832196286541,3.5877587850792096,4.091056620200828,1.0
1.5647600121623242,-2.923965518974957,2.239110511256942,0.0
-4.478169666014495,-0.7193573286770851,-2.3620689625733227,0.0
-3.942611481782415,-0.7756453940124244,-1.3651096178429603,0.0
-1.5306754475434916,-1.4190704962369005,-2.5334606959047603,1.0
0.9475417249425462,-0.7783911318778571,3.201394076511681,0.0
-4.953998620792981,3.025972128546485,1.3249370263498292,0.0
-1.2506798706898725,1.3429023528634234,2.0673774633576913,1.0
-3.9956892871820804,-0.21138112472508208,-3.155308363548539,0.0
-1.008200782398946,-4.558452570078724,1.7461868603424744,0.0
4.853914063033306,-4.644170727419743,-1.2471306745726896,1.0
-3.318729874513634,-2.6777658285861006,1.0391831317718223,0.0
-2.395343441454121,-1.7022770028001775,2.1282993949956683,0.0
0.7475418040730482,-0.287723462155693,2.9250820117358582,0.0
4.605139005013321,4.384276602883116,2.2247224027098467,1.0
-4.004658565359262,-1.0928256338579532,1.4851980334901018,0.0
2.8130983839407095,2.341654176574714,-1.3876941455239522,0.0
1.6054768980059952,-2.39423025358437,-0.6843919936646401,1.0
4.907890346001269,-1.5640816822462913,-3.964822592012931,1.0
3.2742451605604455,4.872043845270223,-0.43714396044779225,1.0
1.7383325921112656,-2.2847252160846687,1.510194230620172,0.0
2.3773717321799595,4.745926744521267,0.15645853080247996,1.0
2.3518221386180898,-3.879777192069084,3.334151468571978,0.0
1.0217199316520045,3.9694781533611003,-0.9706670549845704,0.0
-2.798886847094785,-1.2055370590506298,1.5663816423010237,0.0
3.218518887842098,1.3669490254881573,1.0111825332342272,1.0
-4.9553070810519255,0.48811467728136915,2.613803857047463,0.0
4.869278991629571,1.473926138705611,3.5154545593073685,1.0
-3.0251535359024717,-4.9698816275846625,4.7825487162520535,0.0
-1.9064131799845976,4.020132990895496,2.640555983957725,1.0
-2.387533624732725,2.166116711646345,-4.320813311328854,0.0
-3.1113816537637105,4.976055738265771,1.4272252988296286,1.0
0.6416352341372846,0.4576328021888285,1.0744526948010469,1.0
4.8420192306547385,-0.07803701961872811,-3.0269852196443168,1.0
2.4543443263361633,-0.21924283136391587,4.987954447932637,1.0
1.6550447405883428,-4.531037074282231,3.5259173166524764,0.0
-3.06506800116227,1.0785862779690873,0.9479876224276573,0.0
-4.773003466540096,4.084106524577328,0.24344688394209424,0.0
4.734809888818749,4.70037090533911,-1.9628231026747898,0.0
1.2059251123344792,-2.1673342855219193,-0.775155249478602,1.0
1.7464112466303083,-0.05381801114354179,0.45035323165905794,1.0
3.0017152298661003,2.189588469875778,-2.3393006349528953,0.0
-0.3405586215946528,-3.1275259229617456,-2.4934432121386694,1.0
3.782836884768061,-0.1891211253834788,4.646613306965726,1.0
-2.696741077920597,0.9768202831376174,2.5372224306889155,0.0
-3.812098429820301,-0.07473445036626192,-0.6279773056248903,0.0
-0.7866475218656186,0.5179729186346513,3.557977872922093,1.0
-3.7657110048686437,1.530165997000303,-1.7006667546372798,0.0
4.063315253708735,0.6288033781992706,0.7909793153266786,1.0
2.374014371197754,2.627681254926345,-1.2322904481500476,0.0
4.502467354688118,-1.3674246830563783,0.6979712043348227,1.0
-3.3100532228838664,-4.035018910852868,4.5789410069141265,0.0
4.287968623758486,1.3535075499046467,-1.9009993109555765,1.0
4.633523789145524,-1.2454330085473941,3.1169773790016144,1.0
4.123663017588852,-0.9075707621923179,0.9161886193698816,1.0
2.0505571575721673,3.9733546761925442,4.976239593879905,1.0
-3.7640271299069528,0.8241322193970682,4.994141163511944,1.0
0.20254059464696006,1.2357686438192603,-1.3785736343977026,0.0
-2.2197913769554276,4.083552702605008,4.756182371359714,1.0
-2.6856569937064743,4.0716478082849346,-0.35250833569345996,0.0
2.6982517855881127,-1.01590930928824,3.6640436472588434,0.0
4.144172277255825,2.306203611860086,-2.4256454294898266,0.0
-3.5081900233579932,4.649813374719802,1.1440895238796607,1.0
1.1375325722165428,1.2612989793740308,-4.4028972034716425,0.0
1.4209182343024764,0.006744377581934913,-3.822785831082104,1.0
-2.8978674048575312,4.592964200091011,-3.4555049080872124,0.0
-3.8729343149465056,-0.3407970905099722,1.7103371444903406,0.0
-3.8724878830852374,4.881606852930011,2.670090276767608,1.0
-4.592328131458318,3.729421878246807,1.1405769749529018,0.0
-1.4505093452601834,-1.499623917351196,-3.1136672963145386,1.0
1.2692268014030992,1.6939421283187874,-2.6263173544345406,0.0
2.232227992598337,-1.2551798901489244,-4.057586352432696,1.0
-2.2278831086343054,0.21206457240982335,-1.7693283426367024,0.0
0.4112325336870102,0.8417817872715592,-3.631314580119951,0.0
-1.061248430497849,0.7995221088321731,-4.220445597048556,0.0
2.218998563687135,-4.1942274356730564,-3.7105235425864236,1.0
1.789857407841195,3.458695212504775,4.752594479199958,1.0
3.7246797441879274,-1.0836218727644473,3.2094695039397774,1.0
2.169373556484212,0.4306493206886488,4.851482206636916,1.0
4.450901891131116,1.2735025347991389,-1.1190392337525887,1.0
-2.855715378926744,-1.36630294563885,3.8347191056310432,0.0
-1.6359061296070365,0.05377500637301136,-0.9945147106356123,0.0
2.586138595105922,0.4308355673050279,-1.4914084380530257,1.0
0.9761604535610182,0.5676885634690336,2.26656995685015,1.0
0.2523851001208328,3.1463237039217127,3.7520173392811387,1.0
-4.88487732114412,-4.587314636086395,-4.621835244199213,1.0
-1.508953167708226,1.4088326922053716,-4.7124751899154464,0.0
0.6918228942967772,3.5234796050921737,-1.9375822104716258,0.0
4.935806200499311,-0.20074480518483462,-0.09891418646783734,1.0
4.6074745201183305,3.4152757736975783,0.47158439944666863,1.0
-0.694990514568512,-3.5791268253741215,3.30970638842064,0.0
0.8561471077402079,-4.300918324443876,3.1309863917360055,0.0
-1.1066877350492623,3.753513629191959,-1.9214438172057449,0.0
-4.626873658842551,2.620689047289498,3.4579628050477424,1.0
-2.3407739664806093,1.2780488829110128,0.9299000436701892,0.0
4.224479069037004,-2.765951169074796,-0.5626186346605984,1.0
-0.745950674052887,2.4784183909932436,-4.851957729596727,0.0
-1.039326099593766,3.617835796780632,-0.9616316502514408,0.0
4.651847103369214,1.123892536981197,-0.8106417619294959,1.0
1.4747492629807812,-4.883962628603713,1.1451394302374052,0.0
-1.0398706671062943,-1.7415310768962278,-3.313415139126011,1.0
-2.7631846785300174,-0.19275202358492027,-1.1501203149937247,0.0
-4.152859348240109,1.8200204459661409,-4.386177862055538,0.0
2.3060953726560296,-2.9836804767609806,-4.00439296210336,1.0
-2.2740658921260093,0.2331858408033307,-0.1274090557641374,0.0
-2.2108876150159817,3.7992515988284534,-4.818545892154663,0.0
0.6070852696650881,3.2191587357550233,-4.2585314846845534,0.0
-4.164663394232569,-0.6289472650630126,-1.212765260900576,0.0
-2.551099704159853,1.6698809933047638,1.6494549041650197,1.0
-0.1559695252240516,2.1104211267585073,-2.5230825456223425,0.0
-1.257313349619115,-1.8152242711721431,2.7388792467281045,0.0
1.2208950733267585,2.023696531637084,2.7843524970480207,1.0
1.933714907570037,1.5008687990629008,-2.560021957048648,0.0
-2.4845178047709604,-3.252735855669817,4.598203511739495,0.0
1.310383067380938,-3.623703265194563,1.2081361273643774,0.0
-4.911074883656386,-1.6731813465119725,-0.8307409420884939,0.0
-4.472817847753853,-4.750536656370617,-2.890261655780213,1.0
-1.7916809913406881,4.100931132453285,4.0409478417155835,1.0
0.04332331347127116,-3.8250688836063365,3.1235931430099875,0.0
3.75366061008312,3.9382862405911716,-3.7322535468522586,0.0
0.7732951190991226,-0.5097641729601312,4.12303805565228,0.0
1.2575900314378945,-0.10821852099974727,-3.7972520740135263,1.0
4.651678952292054,-2.6337203129696563,3.999178317329891,0.0
-3.722860892912067,-0.5087597332826013,3.4403118602391736,0.0
-1.7427602068031725,2.4059615663793767,-3.7520805484215733,0.0
-0.21430381199383675,0.5655137562037238,-3.355025413671664,0.0
-2.8362235068864217,-0.21000104419289567,-1.5996506383513607,0.0
-3.435066279299337,0.4932534803248547,4.738508083443239,0.0
-3.9845550281441646,-0.40877491457950477,-2.9608237883619037,0.0
3.3090860418192047,-2.7620781784202872,1.8020307255423686,0.0
-3.37916713834304,0.16358001931156707,0.6328914977012845,0.0
4.9565793998983185,-2.2842811576668245,-2.028620024549147,1.0
-2.3861130735297342,-3.4490785879986188,-4.53995084725514,1.0
-2.706367245599288,4.639744135268986,1.86372335007695,1.0
-4.51819016056457,2.8669599572744,-0.0791536887935953,0.0
-1.5817512865988395,-3.898402039028622,-1.802423054026796,1.0
0.23102970548550505,0.9340731426635376,4.234571607591192,1.0
-1.5150437083574508,-0.3736428944419625,0.2455211974342184,0.0
0.7138529074865998,1.2576279077491055,3.655012097334602,1.0
-4.279823229076692,1.7370360958261557,-4.172684901767608,0.0
2.4349416427016637,1.6045959891747064,3.3611497152712637,1.0
-4.170653442954938,-2.7086281942875514,3.0702388073691047,0.0
0.12379223672630779,4.657020141957618,3.93217798844743,1.0
3.643088131747259,-0.5773148421598853,-4.395752266147541,1.0
2.0880930463978675,-4.568942223867495,3.196312433192416,0.0
0.625762810094157,-2.0434833477400662,3.8599461989913895,0.0
-2.5028085622625564,1.4166743147562046,0.06375764806786144,0.0
-2.976062871053217,-3.4807513737875273,-0.4357147360045044,0.0
0.6703942508914285,-0.0022580570200165795,2.4371457136017893,1.0
-2.500470118340311,-1.562589207717501,-3.052033765913383,1.0
2.122222237280841,-3.8177731733671507,-1.029716681406879,1.0
3.7221233981272377,3.442897185079355,-4.442509342677264,0.0
-3.507853100432362,-1.9522281538508568,2.0457840346636953,0.0
2.461873240126545,0.5099785365795171,-1.6716872115861605,1.0
2.1418555620219246,-2.2985593341526025,1.5779196600537855,0.0
-0.08148925934695228,3.57220343572871,1.5133546713357537,1.0
-0.6289171854800024,-3.926830536136606,-0.277573824524211,1.0
3.5108860886462665,0.9657448836121123,2.0411245485243636,1.0
-4.155486188661922,4.7805355187688825,3.1960749300635154,1.0
-4.912046211197829,0.29075660869706965,3.8296752794719566,0.0
-2.85297575640688,-4.18885315103906,-3.5176451966944855,1.0
2.9688738464643336,3.9344325262963764,0.9366550838820844,1.0
0.7568321007910361,3.1416654773241444,3.886433542702399,1.0
2.460842167472272,0.4626162062726955,-2.886043686227515,1.0
-2.0708589545947187,-0.15313852748351042,1.1068357297330742,0.0
0.3412231209932104,3.3058383675362233,-1.7156694407043505,0.0
3.581799362618833,2.8402326086116334,-3.1796033289949213,0.0
1.247211653383352,2.0206112335573803,-3.5452222321759894,0.0
-2.6014764184204644,4.879475828017718,-0.47804295074840386,0.0
-1.4655910877821112,1.7292501037486874,-4.318804889107794,0.0
-1.2306540586255021,-3.7745252362434156,2.4106489924082695,0.0
-3.3088951575562398,4.380602567080317,3.798033999248828,1.0
2.0556497573303742,-4.504007882178219,-1.0802803658474334,1.0
-1.528221533081926,-1.9417710071424557,3.854756295395248,0.0
-0.5166246050193815,-4.422789943220776,0.2955553008453924,0.0
-0.8404203444698197,3.7765819288826545,-4.307830999180666,0.0
-1.1288552875488902,-0.6619778535024077,-1.0106233788123475,0.0
-0.706943008625589,-2.5345997927561372,3.4224691357756782,0.0
2.1538293275069584,4.335372270197627,-4.724471041123467,0.0
0.9113945494762472,-0.33782150406013933,1.0158475523172719,1.0
4.8849231520713445,0.22584738800556892,1.88389777447001,1.0
-4.76306879565636,1.3013088922295388,2.5841398045050976,0.0
3.2018483774819924,-1.781888299932528,2.6203778148088883,0.0
1.4500835031850725,-4.408498648536778,-1.4290519916835565,1.0
-4.385644075444365,-4.621013622201734,0.6451057355422396,0.0
-4.545277839719223,2.487396743959809,2.2733651064216005,1.0
-3.0662574882633207,-4.105995455911918,4.575952037111854,0.0
-3.83933339969615,4.268854537214093,-3.5500113328924456,0.0
2.950904827991484,3.1868365475983644,3.2839158560527117,1.0
-4.22381062692806,2.251918523015667,4.752431982271213,1.0
3.0991035485374336,-4.068958078319756,0.24837728840286388,1.0
-4.496736842204272,-1.3284230637221661,-1.7693273465977475,0.0
-0.7498726548412957,3.30884097911572,1.4413764763632955,1.0
-4.7609780363499,3.792232273070839,-0.7916655772810959,0.0
2.919337175233231,-4.407947740560314,0.07619142055638406,1.0
2.0232845764830687,0.325697309048671,-0.029343305370695738,1.0
3.314978358838083,1.1711913751003875,-4.89283136561074,0.0
-1.6770461477399632,4.566865515998263,1.8296062642913258,1.0
4.2556728880678545,1.5698094569920453,-2.813600446539332,0.0
-1.1143174183334859,4.220105364874495,-0.9004306261204604,0.0
2.8214548565504938,-1.1157826309342167,0.4886610946809373,1.0
-0.3722785358184222,-2.8736126327593228,2.2613923322718126,0.0
4.243069672525305,0.8833520993015886,-3.069421071130014,1.0
-0.12942764517187655,4.292523253237226,-0.746003559625052,0.0
-2.674583182993986,-0.5330184269120846,-3.8808580562776496,0.0
-3.0471839775688148,2.1001491514541257,4.541916104323571,1.0
1.0312364332748158,2.283805596874232,-2.526271934584753,0.0
-3.7563128808010893,-3.0061892797946568,-3.321498445505018,1.0
0.5343477300823816,4.68611533532904,1.3666522322437489,1.0
-1.2170745750697751,4.394744462343612,3.1064928130636265,1.0
-2.5689524082042836,-3.768514303597775,2.416227667680798,0.0
-3.2135601972837478,-4.671647775979812,-3.9030765426153757,1.0
3.9016387400906716,-3.0669823337564917,0.5907225844684785,1.0
3.35319513559854,-3.691707601421995,-4.940544573141442,1.0
3.3868519429370014,-0.6547186293104481,1.6325648093787475,1.0
-1.897793927391307,-1.9344091265433416,-1.7694159719201972,1.0
1.4675621300609807,-1.694474987105722,3.522857857541828,0.0
3.965804027081374,-0.5099326677375515,-3.142205664717471,1.0
0.4150999711236212,0.3524377637264644,-4.58893927485293,0.0
-2.8301585813129018,-3.818864459658272,-1.3273360265122545,1.0
-3.7698283080318227,-2.1689705261612167,4.524452014437923,0.0
-2.450840059415731,-2.272857728755131,0.6129580721297305,0.0
0.7023975610107147,0.12348742020747139,4.88852555448182,1.0
-2.1484375213075135,2.623489626429194,2.2262017521171327,1.0
3.1408840269187603,0.8423664291302408,-2.687147439292593,1.0
-0.6337030482157422,1.6091400817150685,2.0336747757096454,1.0
-2.3428166020249708,-2.7827209299744293,0.7652058599309841,0.0
4.868576554863052,3.8646012976059705,-0.39525560305407836,1.0
-2.9225813325278818,-0.39318817219264623,-1.1256228191803794,0.0
4.857762543817447,2.467021980068802,2.2851340450203317,1.0
0.5672779376065549,-0.5691787725757402,-4.665803446687712,1.0
2.9827876028771776,-0.023442232572101318,1.6605447030703822,1.0
2.3107136786268363,-0.7792585016367664,-3.1127564253035955,1.0
4.0756467983935245,-4.208980408848163,-4.9233359362368265,1.0
1.5649281319162247,0.30125989176422596,-4.071443010001088,1.0
2.9793575765655236,1.1105397327864122,-1.6593375302270919,1.0
-3.008423609167675,-0.4540326599729383,2.9978744159158097,0.0
-0.9074726919275031,-1.189478066005857,2.5607989669610687,0.0
1.0569365165888946,-3.4556887053815135,-1.0084164934012851,1.0
0.7563338774453863,-3.4863700053343516,4.95538544753459,0.0
-2.896929428029612,0.015568566092011515,2.983466555733677,0.0
4.937492632280637,3.562112108675338,0.3017821808176997,1.0
-1.1615920368028365,3.2114586518391075,-2.8634662857488093,0.0
2.0160443689370036,-0.5374576263746178,-4.191735399374941,1.0
-0.7620172393138613,2.8703318798773925,1.9864846635613542,1.0
4.048670046309059,-1.0755843276453412,-0.7818225131777989,1.0
4.292067559397893,-4.466312196572423,4.399490414122695,0.0
-1.239741575710438,2.738885802795364,-3.523212651603338,0.0
-4.938226831261399,3.742286861685983,-0.3857813793149063,0.0
1.700528195459869,0.6630097226888712,2.2881956390353144,1.0
4.162409317983814,-4.346962790240029,2.203347489659838,0.0
3.229373305636244,3.5616656190631897,1.7126508082582292,1.0
-2.0495598676615687,-2.939263298845086,1.6241097697587756,0.0
4.779650408035652,4.196054937885576,4.697342321411465,1.0
-0.6217805272783057,3.5957680433880643,4.6626236693421514,1.0
-4.333822493463659,-3.4612150591913116,-4.392522388705158,1.0
-4.559322541468163,2.0385963449306956,-4.945109080265499,0.0
-4.913114884926653,1.397655897243788,0.7025378968257625,0.0
-3.833790235634509,-2.514585398366372,3.8550689230280675,0.0
-4.4004705947897325,4.4019024362437555,-0.5525594762179997,0.0
0.0927260407804571,2.111332562463412,3.5258511720021364,1.0
-1.7797110545864392,1.2613673163584584,-2.075274021449236,0.0
1.2904437904333435,2.975053642669704,-2.0216628118389854,0.0
-3.1208111779988745,-2.5553279405793083,-2.5928235972245717,1.0
0.6498353502210277,-4.219235783834968,-1.1423842072944144,1.0
-2.1657783067876855,1.8041266188360536,-1.763458354825611,0.0
-0.7607178405600434,-1.3635270389545262,0.5518757823000158,0.0
